{
	"format_version": "1.8.0",
	"animations": {
		"static_idle": {
			"loop": "hold_on_last_frame",
			"bones": {
				"constraint": {
					"rotation": [0.2, 0.2, 0.2],
					"position": [0.2, 0.2, 0.2],
					"scale": 1
				},
				"lefthand_pos": {
					"rotation": [0, 0, 0],
					"position": [0, 0, 0],
					"scale": 1
				},
				"righthand_pos": {
					"rotation": [0, 0, 0],
					"position": [0, 0, 0],
					"scale": 1
				},
				"GY1": {
					"rotation": [0, 0, 0],
					"position": [0, 0, 0]
				}
			}
		},
		"reload_tactical": {
			"animation_length": 3,
			"bones": {
				"root": {
					"rotation": {
						"0.0": [0, 0, 0],
						"0.3333": [-12.50511, -2.98172, -14.39964],
						"0.4167": [-12.03505, -6.4872, -18.76792],
						"0.6667": [-12.50511, -2.98172, -14.39964],
						"1.1667": [-6.87771, -4.23672, -24.34054],
						"1.5": [-4.36775, -1.744, -24.5314],
						"1.875": [-12.05753, -1.1596, -17.05177],
						"2.4167": [-12.50511, -2.98172, -14.39964],
						"2.4583": [-13.58941, -4.78154, -16.50648],
						"2.5": [-15.0526, -5.39623, -13.74969],
						"2.7083": [-12.50511, -2.98172, -14.39964],
						"2.75": [-12.09034, -2.60189, -12.56172],
						"2.7917": [-1.05, -1.3, -6.28],
						"2.9167": [0, 0, 0],
						"3.0": [0, 0, 0]
					},
					"position": {
						"2.75": [0, 0, 1],
						"2.8333": [0, 0, 0]
					}
				},
				"mag_and_lefthand": {
					"rotation": {
						"0.0": [0, 0, 0],
						"0.2917": [0, 0, 0],
						"0.375": [-19.86105, -3.00929, -11.54453],
						"0.7083": [-13.9042, -5.68422, -21.80633],
						"1.6667": [-13.9042, -5.68422, -21.80633],
						"2.2917": [-19.86105, -3.00929, -11.54453],
						"2.5": [0, 0, 0],
						"3.0": [0, 0, 0]
					},
					"position": {
						"0.0": [0, 0, 0],
						"0.2917": [0, 0, 0],
						"0.7083": [19, -31, 10],
						"1.7917": [19, -31, 10],
						"2.0833": [8, -17, 0],
						"2.5": [0, 0, 0],
						"3.0": [0, 0, 0]
					}
				},
				"lefthand_pos": {
					"rotation": {
						"0.0": [0, 0, 0],
						"0.0833": [13.67383, -7.2889, -2.94342],
						"0.2917": [32.79504, 19.98876, 0.50576],
						"2.5": [35, 12.5, 0],
						"2.8333": [0, 0, 0],
						"3.0": [0, 0, 0]
					},
					"position": {
						"0.0": [0, 0, 0],
						"0.2917": [0.1902, 0.46014, 3.92068],
						"0.4583": [0.08, 0.46, 4.92],
						"2.125": [-0.98, 0.46, 4.92],
						"2.2917": [-1.02, 0.46, 3.92],
						"2.375": [-1.14, 0.46, 3.92],
						"2.4167": [-1.87, 0.46, 3.92],
						"2.4583": [-0.59, 0.46, 3.92],
						"2.5": [-0.8098, -0.53986, 3.92068],
						"2.8333": [0, 0, 0],
						"3.0": [0, 0, 0]
					}
				},
				"S": {
					"rotation": {
						"0.0": [0, 0, 0],
						"0.2917": [0, 0, 0],
						"1.0417": [-360, 0, 0],
						"2.5": [-360, 0, 0],
						"3.0": [0, 0, 0]
					}
				},
				"Y1": {
					"rotation": {
						"0.0": [0, 0, 0],
						"0.2917": [0, 0, 0],
						"0.6667": [-22.5, 0, 0],
						"2.5": [-22.5, 0, 0],
						"2.7083": [0, 0, 0]
					}
				},
				"Y2": {
					"rotation": {
						"0.0": [0, 0, 0],
						"0.2917": [0, 0, 0],
						"0.6667": [-12.5, 0, 0],
						"2.5": [-12.5, 0, 0],
						"2.7083": [0, 0, 0]
					}
				},
				"Y3": {
					"rotation": {
						"0.0": [0, 0, 0],
						"0.2917": [0, 0, 0],
						"0.6667": [0, 0, 0],
						"2.5": [0, 0, 0],
						"2.7083": [0, 0, 0]
					}
				},
				"GY1": {
					"rotation": {
						"0.0": [0, 0, 0],
						"0.2917": [0, 0, 0],
						"1.0": [-20, 0, 0],
						"2.5": [-20, 0, 0],
						"3.0": [0, 0, 0]
					},
					"position": {
						"0.0": [0, 0, 0],
						"0.2917": [0, 0, 0],
						"1.0": [0, -3, 0],
						"2.5": [0, -3, 0],
						"3.0": [0, 0, 0]
					}
				},
				"GY2": {
					"rotation": {
						"0.0": [0, 0, 0],
						"0.2917": [0, 0, 0],
						"1.0": [-15, 0, 0],
						"2.5": [-15, 0, 0],
						"3.0": [0, 0, 0]
					},
					"position": {
						"0.0": [0, 0, 0],
						"0.2917": [0, 0, 0],
						"1.0": [0, -1, 0],
						"2.5": [0, -1, 0],
						"3.0": [0, 0, 0]
					}
				},
				"GY3": {
					"rotation": {
						"0.0": [0, 0, 0],
						"0.2917": [0, 0, 0],
						"1.0": [-10, 0, 0],
						"2.5": [-10, 0, 0],
						"3.0": [0, 0, 0]
					}
				},
				"magazine": {
					"rotation": [0, 0, 0]
				},
				"L": {
					"rotation": {
						"0.0": [0, 0, 0],
						"0.2917": [0, 0, 0],
						"1.0417": [180, 0, 0],
						"2.5": [180, 0, 0],
						"3.0": [0, 0, 0]
					}
				}
			}
		},
		"reload_empty": {
			"animation_length": 3,
			"bones": {
				"root": {
					"rotation": {
						"0.0": [0, 0, 0],
						"0.3333": [-12.50511, -2.98172, -14.39964],
						"0.4167": [-12.03505, -6.4872, -18.76792],
						"0.6667": [-12.50511, -2.98172, -14.39964],
						"1.1667": [-6.87771, -4.23672, -24.34054],
						"1.5": [-4.36775, -1.744, -24.5314],
						"1.875": [-12.05753, -1.1596, -17.05177],
						"2.4167": [-12.50511, -2.98172, -14.39964],
						"2.4583": [-13.58941, -4.78154, -16.50648],
						"2.5": [-15.0526, -5.39623, -13.74969],
						"2.7083": [-12.50511, -2.98172, -14.39964],
						"2.75": [-12.09034, -2.60189, -12.56172],
						"2.7917": [-1.05, -1.3, -6.28],
						"2.9167": [0, 0, 0],
						"3.0": [0, 0, 0]
					},
					"position": {
						"2.75": [0, 0, 1],
						"2.8333": [0, 0, 0]
					}
				},
				"mag_and_lefthand": {
					"rotation": {
						"0.0": [0, 0, 0],
						"0.2917": [0, 0, 0],
						"0.375": [-19.86105, -3.00929, -11.54453],
						"0.7083": [-13.9042, -5.68422, -21.80633],
						"1.6667": [-13.9042, -5.68422, -21.80633],
						"2.2917": [-19.86105, -3.00929, -11.54453],
						"2.5": [0, 0, 0],
						"3.0": [0, 0, 0]
					},
					"position": {
						"0.0": [0, 0, 0],
						"0.2917": [0, 0, 0],
						"0.7083": [19, -31, 10],
						"1.7917": [19, -31, 10],
						"2.0833": [8, -17, 0],
						"2.5": [0, 0, 0],
						"3.0": [0, 0, 0]
					}
				},
				"lefthand_pos": {
					"rotation": {
						"0.0": [0, 0, 0],
						"0.0833": [13.67383, -7.2889, -2.94342],
						"0.2917": [32.79504, 19.98876, 0.50576],
						"2.5": [35, 12.5, 0],
						"2.8333": [0, 0, 0],
						"3.0": [0, 0, 0]
					},
					"position": {
						"0.0": [0, 0, 0],
						"0.2917": [0.1902, 0.46014, 3.92068],
						"0.4583": [0.08, 0.46, 4.92],
						"2.125": [-0.98, 0.46, 4.92],
						"2.2917": [-1.02, 0.46, 3.92],
						"2.375": [-1.14, 0.46, 3.92],
						"2.4167": [-1.87, 0.46, 3.92],
						"2.4583": [-0.59, 0.46, 3.92],
						"2.5": [-0.8098, -0.53986, 3.92068],
						"2.8333": [0, 0, 0],
						"3.0": [0, 0, 0]
					}
				},
				"S": {
					"rotation": {
						"0.0": [0, 0, 0],
						"0.2917": [0, 0, 0],
						"1.0417": [-360, 0, 0],
						"2.5": [-360, 0, 0],
						"3.0": [0, 0, 0]
					}
				},
				"Y1": {
					"rotation": {
						"0.0": [0, 0, 0],
						"0.2917": [0, 0, 0],
						"0.6667": [-22.5, 0, 0],
						"2.5": [-22.5, 0, 0],
						"2.7083": [0, 0, 0]
					}
				},
				"Y2": {
					"rotation": {
						"0.0": [0, 0, 0],
						"0.2917": [0, 0, 0],
						"0.6667": [-12.5, 0, 0],
						"2.5": [-12.5, 0, 0],
						"2.7083": [0, 0, 0]
					}
				},
				"Y3": {
					"rotation": {
						"0.0": [0, 0, 0],
						"0.2917": [0, 0, 0],
						"0.6667": [0, 0, 0],
						"2.5": [0, 0, 0],
						"2.7083": [0, 0, 0]
					}
				},
				"GY1": {
					"rotation": {
						"0.0": [0, 0, 0],
						"0.2917": [0, 0, 0],
						"1.0": [-20, 0, 0],
						"2.5": [-20, 0, 0],
						"3.0": [0, 0, 0]
					},
					"position": {
						"0.0": [0, 0, 0],
						"0.2917": [0, 0, 0],
						"1.0": [0, -3, 0],
						"2.5": [0, -3, 0],
						"3.0": [0, 0, 0]
					}
				},
				"GY2": {
					"rotation": {
						"0.0": [0, 0, 0],
						"0.2917": [0, 0, 0],
						"1.0": [-15, 0, 0],
						"2.5": [-15, 0, 0],
						"3.0": [0, 0, 0]
					},
					"position": {
						"0.0": [0, 0, 0],
						"0.2917": [0, 0, 0],
						"1.0": [0, -1, 0],
						"2.5": [0, -1, 0],
						"3.0": [0, 0, 0]
					}
				},
				"GY3": {
					"rotation": {
						"0.0": [0, 0, 0],
						"0.2917": [0, 0, 0],
						"1.0": [-10, 0, 0],
						"2.5": [-10, 0, 0],
						"3.0": [0, 0, 0]
					}
				},
				"magazine": {
					"rotation": [0, 0, 0]
				},